{"cameraMode":{"drawMode":0,"name":"Shaded","section":"Shading Mode"},"sceneLighting":false,"audioPlay":false,"sceneViewState":{"showFog":true,"showMaterialUpdate":false,"showSkybox":true,"showFlares":true,"showImageEffects":true,"showParticleSystems":true},"in2DMode":false,"pivot":{"x":-0.6178803443908691,"y":-0.1829371452331543,"z":1.2503628730773926},"rotation":{"x":0.1755324900150299,"y":0.25943389534950259,"z":-0.04801362007856369,"w":0.9484618306159973},"size":6.769768714904785,"orthographic":false}